-- autor: thiago-amm
-- data: 30/11/2017 13:30

-- grupos
INSERT INTO grupos (id, nome, situacao) VALUES (1, 'COORDENACAO_INFORMATICA', 'ATIVO');
INSERT INTO grupos (id, nome, situacao) VALUES (2, 'GERENCIA_SECRETARIA_GERAL', 'ATIVO');
INSERT INTO grupos (id, nome, situacao) VALUES (3, 'AGR', 'ATIVO');

-- permissoes
INSERT INTO permissoes (id, nome, valor, situacao) VALUES (1, 'ADICIONAR_USUARIO', 'usuario:adicionar', 'ATIVO');
INSERT INTO permissoes (id, nome, valor, situacao) VALUES (2, 'EDITAR_USUARIO', 'usuario:editar', 'ATIVO');
INSERT INTO permissoes (id, nome, valor, situacao) VALUES (3, 'REMOVER_USUARIO', 'usuario:remover', 'ATIVO');
INSERT INTO permissoes (id, nome, valor, situacao) VALUES (4, 'INATIVAR_USUARIO', 'usuario:inativar', 'ATIVO');
INSERT INTO permissoes (id, nome, valor, situacao) VALUES (5, 'LISTAR_USUARIO', 'usuario:listar', 'ATIVO');
INSERT INTO permissoes (id, nome, valor, situacao) VALUES (6, 'VER_USUARIO', 'usuario:ver', 'ATIVO');
INSERT INTO permissoes (id, nome, valor, situacao) VALUES (7, 'PESQUISAR_USUARIO', 'usuario:pesquisar', 'ATIVO');
INSERT INTO permissoes (id, nome, valor, situacao) VALUES (8, 'ADICIONAR_GRUPO', 'grupo:adicionar', 'ATIVO');
INSERT INTO permissoes (id, nome, valor, situacao) VALUES (9, 'EDITAR_GRUPO', 'grupo:editar', 'ATIVO');
INSERT INTO permissoes (id, nome, valor, situacao) VALUES (10, 'REMOVER_GRUPO', 'grupo:remover', 'ATIVO');
INSERT INTO permissoes (id, nome, valor, situacao) VALUES (11, 'INATIVAR_GRUPO', 'grupo:inativar', 'ATIVO');
INSERT INTO permissoes (id, nome, valor, situacao) VALUES (12, 'LISTAR_GRUPO', 'grupo:listar', 'ATIVO');
INSERT INTO permissoes (id, nome, valor, situacao) VALUES (13, 'VER_GRUPO', 'grupo:ver', 'ATIVO');
INSERT INTO permissoes (id, nome, valor, situacao) VALUES (14, 'PESQUISAR_GRUPO', 'grupo:pesquisar', 'ATIVO');
INSERT INTO permissoes (id, nome, valor, situacao) VALUES (15, 'ADICIONAR_PERMISSAO', 'permissao:adicionar', 'ATIVO');
INSERT INTO permissoes (id, nome, valor, situacao) VALUES (16, 'EDITAR_PERMISSAO', 'permissao:editar', 'ATIVO');
INSERT INTO permissoes (id, nome, valor, situacao) VALUES (17, 'REMOVER_PERMISSAO', 'permissao:remover', 'ATIVO');
INSERT INTO permissoes (id, nome, valor, situacao) VALUES (18, 'INATIVAR_PERMISSAO', 'permissao:inativar', 'ATIVO');
INSERT INTO permissoes (id, nome, valor, situacao) VALUES (19, 'LISTAR_PERMISSAO', 'permissao:listar', 'ATIVO');
INSERT INTO permissoes (id, nome, valor, situacao) VALUES (20, 'VER_PERMISSAO', 'permissao:ver', 'ATIVO');
INSERT INTO permissoes (id, nome, valor, situacao) VALUES (21, 'PESQUISAR_PERMISSAO', 'permissao:pesquisar', 'ATIVO');
INSERT INTO permissoes (id, nome, valor, situacao) VALUES (22, 'ADICIONAR_PROCESSO', 'processo:adicionar', 'ATIVO');
INSERT INTO permissoes (id, nome, valor, situacao) VALUES (23, 'EDITAR_PROCESSO', 'processo:editar', 'ATIVO');
INSERT INTO permissoes (id, nome, valor, situacao) VALUES (24, 'REMOVER_PROCESSO', 'processo:remover', 'ATIVO');
INSERT INTO permissoes (id, nome, valor, situacao) VALUES (25, 'INATIVAR_PROCESSO', 'processo:inativar', 'ATIVO');
INSERT INTO permissoes (id, nome, valor, situacao) VALUES (26, 'LISTAR_PROCESSO', 'processo:listar', 'ATIVO');
INSERT INTO permissoes (id, nome, valor, situacao) VALUES (27, 'VER_PROCESSO', 'processo:ver', 'ATIVO');
INSERT INTO permissoes (id, nome, valor, situacao) VALUES (28, 'PESQUISAR_PROCESSO', 'processo:pesquisar', 'ATIVO');
INSERT INTO permissoes (id, nome, valor, situacao) VALUES (29, 'DISTRIBUIR_PROCESSO', 'processo:distribuir', 'ATIVO');
INSERT INTO permissoes (id, nome, valor, situacao) VALUES (30, 'ADICIONAR_RELATOR', 'relator:adicionar', 'ATIVO');
INSERT INTO permissoes (id, nome, valor, situacao) VALUES (31, 'EDITAR_RELATOR', 'relator:editar', 'ATIVO');
INSERT INTO permissoes (id, nome, valor, situacao) VALUES (32, 'REMOVER_RELATOR', 'relator:remover', 'ATIVO');
INSERT INTO permissoes (id, nome, valor, situacao) VALUES (33, 'INATIVAR_RELATOR', 'relator:inativar', 'ATIVO');
INSERT INTO permissoes (id, nome, valor, situacao) VALUES (34, 'LISTAR_RELATOR', 'relator:listar', 'ATIVO');
INSERT INTO permissoes (id, nome, valor, situacao) VALUES (35, 'VER_RELATOR', 'relator:ver', 'ATIVO');
INSERT INTO permissoes (id, nome, valor, situacao) VALUES (36, 'PESQUISAR_RELATOR', 'relator:pesquisar', 'ATIVO');
INSERT INTO permissoes (id, nome, valor, situacao) VALUES (37, 'ADICIONAR_SORTEIO', 'sorteio:adicionar', 'ATIVO');
INSERT INTO permissoes (id, nome, valor, situacao) VALUES (38, 'EDITAR_SORTEIO', 'sorteio:editar', 'ATIVO');
INSERT INTO permissoes (id, nome, valor, situacao) VALUES (39, 'REMOVER_SORTEIO', 'sorteio:remover', 'ATIVO');
INSERT INTO permissoes (id, nome, valor, situacao) VALUES (40, 'INATIVAR_SORTEIO', 'sorteio:inativar', 'ATIVO');
INSERT INTO permissoes (id, nome, valor, situacao) VALUES (41, 'LISTAR_SORTEIO', 'sorteio:listar', 'ATIVO');
INSERT INTO permissoes (id, nome, valor, situacao) VALUES (42, 'VER_SORTEIO', 'sorteio:ver', 'ATIVO');
INSERT INTO permissoes (id, nome, valor, situacao) VALUES (43, 'PESQUISAR_SORTEIO', 'sorteio:pesquisar', 'ATIVO');
INSERT INTO permissoes (id, nome, valor, situacao) VALUES (44, 'IMPRIMIR_SORTEIO', 'sorteio:imprimir', 'ATIVO');
INSERT INTO permissoes (id, nome, valor, situacao) VALUES (45, 'ENVIAR_EMAIL', 'email:enviar', 'ATIVO');

-- grupos_permissoes
INSERT INTO grupos_permissoes (id, grupo_id, permissao_id) VALUES (1, 1, 1);
INSERT INTO grupos_permissoes (id, grupo_id, permissao_id) VALUES (2, 1, 2);
INSERT INTO grupos_permissoes (id, grupo_id, permissao_id) VALUES (3, 1, 3);
INSERT INTO grupos_permissoes (id, grupo_id, permissao_id) VALUES (4, 1, 4);
INSERT INTO grupos_permissoes (id, grupo_id, permissao_id) VALUES (5, 1, 5);
INSERT INTO grupos_permissoes (id, grupo_id, permissao_id) VALUES (6, 1, 6);
INSERT INTO grupos_permissoes (id, grupo_id, permissao_id) VALUES (7, 1, 7);
INSERT INTO grupos_permissoes (id, grupo_id, permissao_id) VALUES (8, 1, 8);
INSERT INTO grupos_permissoes (id, grupo_id, permissao_id) VALUES (9, 1, 9);
INSERT INTO grupos_permissoes (id, grupo_id, permissao_id) VALUES (10, 1, 10);
INSERT INTO grupos_permissoes (id, grupo_id, permissao_id) VALUES (11, 1, 11);
INSERT INTO grupos_permissoes (id, grupo_id, permissao_id) VALUES (12, 1, 12);
INSERT INTO grupos_permissoes (id, grupo_id, permissao_id) VALUES (13, 1, 13);
INSERT INTO grupos_permissoes (id, grupo_id, permissao_id) VALUES (14, 1, 14);
INSERT INTO grupos_permissoes (id, grupo_id, permissao_id) VALUES (15, 1, 15);
INSERT INTO grupos_permissoes (id, grupo_id, permissao_id) VALUES (16, 1, 16);
INSERT INTO grupos_permissoes (id, grupo_id, permissao_id) VALUES (17, 1, 17);
INSERT INTO grupos_permissoes (id, grupo_id, permissao_id) VALUES (18, 1, 18);
INSERT INTO grupos_permissoes (id, grupo_id, permissao_id) VALUES (19, 1, 19);
INSERT INTO grupos_permissoes (id, grupo_id, permissao_id) VALUES (20, 1, 20);
INSERT INTO grupos_permissoes (id, grupo_id, permissao_id) VALUES (21, 1, 21);
INSERT INTO grupos_permissoes (id, grupo_id, permissao_id) VALUES (22, 1, 22);
INSERT INTO grupos_permissoes (id, grupo_id, permissao_id) VALUES (23, 1, 23);
INSERT INTO grupos_permissoes (id, grupo_id, permissao_id) VALUES (24, 1, 24);
INSERT INTO grupos_permissoes (id, grupo_id, permissao_id) VALUES (25, 1, 25);
INSERT INTO grupos_permissoes (id, grupo_id, permissao_id) VALUES (26, 1, 26);
INSERT INTO grupos_permissoes (id, grupo_id, permissao_id) VALUES (27, 1, 27);
INSERT INTO grupos_permissoes (id, grupo_id, permissao_id) VALUES (28, 1, 28);
INSERT INTO grupos_permissoes (id, grupo_id, permissao_id) VALUES (29, 1, 29);
INSERT INTO grupos_permissoes (id, grupo_id, permissao_id) VALUES (30, 1, 30);
INSERT INTO grupos_permissoes (id, grupo_id, permissao_id) VALUES (31, 1, 31);
INSERT INTO grupos_permissoes (id, grupo_id, permissao_id) VALUES (32, 1, 32);
INSERT INTO grupos_permissoes (id, grupo_id, permissao_id) VALUES (33, 1, 33);
INSERT INTO grupos_permissoes (id, grupo_id, permissao_id) VALUES (34, 1, 34);
INSERT INTO grupos_permissoes (id, grupo_id, permissao_id) VALUES (35, 1, 35);
INSERT INTO grupos_permissoes (id, grupo_id, permissao_id) VALUES (36, 1, 36);
INSERT INTO grupos_permissoes (id, grupo_id, permissao_id) VALUES (37, 1, 37);
INSERT INTO grupos_permissoes (id, grupo_id, permissao_id) VALUES (38, 1, 38);
INSERT INTO grupos_permissoes (id, grupo_id, permissao_id) VALUES (39, 1, 39);
INSERT INTO grupos_permissoes (id, grupo_id, permissao_id) VALUES (40, 1, 40);
INSERT INTO grupos_permissoes (id, grupo_id, permissao_id) VALUES (41, 1, 41);
INSERT INTO grupos_permissoes (id, grupo_id, permissao_id) VALUES (42, 1, 42);
INSERT INTO grupos_permissoes (id, grupo_id, permissao_id) VALUES (43, 1, 43);
INSERT INTO grupos_permissoes (id, grupo_id, permissao_id) VALUES (44, 1, 44);
INSERT INTO grupos_permissoes (id, grupo_id, permissao_id) VALUES (45, 1, 45);
INSERT INTO grupos_permissoes (id, grupo_id, permissao_id) VALUES (46, 2, 22);
INSERT INTO grupos_permissoes (id, grupo_id, permissao_id) VALUES (48, 2, 23);
INSERT INTO grupos_permissoes (id, grupo_id, permissao_id) VALUES (52, 2, 24);
INSERT INTO grupos_permissoes (id, grupo_id, permissao_id) VALUES (49, 2, 25);
INSERT INTO grupos_permissoes (id, grupo_id, permissao_id) VALUES (50, 2, 26);
INSERT INTO grupos_permissoes (id, grupo_id, permissao_id) VALUES (53, 2, 27);
INSERT INTO grupos_permissoes (id, grupo_id, permissao_id) VALUES (51, 2, 28);
INSERT INTO grupos_permissoes (id, grupo_id, permissao_id) VALUES (47, 2, 29);
INSERT INTO grupos_permissoes (id, grupo_id, permissao_id) VALUES (54, 2, 30);
INSERT INTO grupos_permissoes (id, grupo_id, permissao_id) VALUES (55, 2, 31);
INSERT INTO grupos_permissoes (id, grupo_id, permissao_id) VALUES (59, 2, 32);
INSERT INTO grupos_permissoes (id, grupo_id, permissao_id) VALUES (56, 2, 33);
INSERT INTO grupos_permissoes (id, grupo_id, permissao_id) VALUES (57, 2, 34);
INSERT INTO grupos_permissoes (id, grupo_id, permissao_id) VALUES (60, 2, 35);
INSERT INTO grupos_permissoes (id, grupo_id, permissao_id) VALUES (58, 2, 36);
INSERT INTO grupos_permissoes (id, grupo_id, permissao_id) VALUES (61, 2, 37);
INSERT INTO grupos_permissoes (id, grupo_id, permissao_id) VALUES (62, 2, 38);
INSERT INTO grupos_permissoes (id, grupo_id, permissao_id) VALUES (67, 2, 39);
INSERT INTO grupos_permissoes (id, grupo_id, permissao_id) VALUES (64, 2, 40);
INSERT INTO grupos_permissoes (id, grupo_id, permissao_id) VALUES (65, 2, 41);
INSERT INTO grupos_permissoes (id, grupo_id, permissao_id) VALUES (68, 2, 42);
INSERT INTO grupos_permissoes (id, grupo_id, permissao_id) VALUES (66, 2, 43);
INSERT INTO grupos_permissoes (id, grupo_id, permissao_id) VALUES (63, 2, 44);
